﻿Âge;Genre;Individus en logement ordinaire;Service de moyen ou long séjour, maison de retraite, foyer ou résidence sociale;Communauté religieuse;Caserne, quartier, base ou camp militaire;Établissement hébergeant des élèves ou des étudiants;Établissement social de court séjour;Autre catégorie de communauté;Habitation mobile, mariniers, sans-abri;Ensemble
Moins de 15 ans;Homme;87571;210;0;0;2;30;0;120;87933
15 à 19 ans;Homme;30180;232;0;4;922;14;121;51;31524
20 à 24 ans;Homme;26647;171;0;11;513;12;272;46;27672
25 à 39 ans;Homme;88131;506;2;1;370;39;689;308;90045
40 à 54 ans;Homme;102196;836;14;4;18;36;300;537;103941
55 à 64 ans;Homme;67957;879;16;0;0;18;58;239;69168
65 à 79 ans;Homme;80904;2236;28;0;3;10;20;182;83383
80 ans ou plus;Homme;30996;2430;17;0;0;1;3;10;33457
Ensemble;Homme;514582;7498;77;20;1828;160;1464;1493;527123
Moins de 15 ans;Femme;83522;140;0;0;0;10;0;113;83785
15 à 19 ans;Femme;28567;146;0;0;798;7;4;39;29562
20 à 24 ans;Femme;27016;72;0;0;514;2;6;50;27661
25 à 39 ans;Femme;95784;241;5;0;297;5;23;198;96552
40 à 54 ans;Femme;111009;300;23;0;20;9;14;174;111549
55 à 64 ans;Femme;76354;397;22;0;1;6;5;80;76864
65 à 79 ans;Femme;102284;1512;51;1;0;5;0;76;103929
80 ans ou plus;Femme;50317;7143;87;0;0;0;0;8;57555
Ensemble;Femme;574853;9951;187;1;1630;44;52;738;587456
