﻿Nom;adresse;commune;cp;effec
LA FONTONNE;AVENUE DES FRERES GARBERO;ANTIBES;06600;400
PIERRE BERTONE;653 ROUTE DE GRASSE;ANTIBES;06600;647
ROUSTAN;AVENUE DES FRERES ROUSTAN;ANTIBES;06600;322
FERSEN;15 RUE DE FERSEN;ANTIBES;06631;479
JEAN COCTEAU;1R CHARLES II COMTE D PROVENCE;BEAULIEU-SUR-MER;06310;557
BELLEVUE;BRETELLE DU CENTRE;BEAUSOLEIL;06240;450
L'EGANAUDE;3140 RTE DES DOLINES;BIOT;06902;809
L'EAU VIVE;224 RUE VIRGILE BAREL;BREIL-SUR-ROYA;06540;127
ANDRE MALRAUX;14 CHEMIN DU VALLON DES VAUX;CAGNES-SUR-MER;06800;504
JULES VERNE;RUE JULES VERNE;CAGNES-SUR-MER;06800;722
LES BREGUIERES;1 AVENUE SAINT EXUPERY;CAGNES-SUR-MER;06800;464
ANDRE CAPRON;6 AVENUE DE MADRID;CANNES;06400;392
LES VALLERGUES;71 AV DE LATTRE DE TASSIGNY;CANNES;06400;507
GERARD PHILIPE;1 AVENUE ALFRED DE VIGNY;CANNES;06150;519
LES MURIERS;5 RUE RENE DUNAN;CANNES;06150;701
PAUL LANGEVIN;11 RUE COLLE BELLE;CARROS;06510;752
LES JASMINS-STE MARGUERITE;1 CHEMIN STE MARGUERITE;GRASSE;06130;436
CARNOT;BOULEVARD CARNOT;GRASSE;06131;508
FRANCOIS RABELAIS;CHEMIN DU CASTEL;L' ESCARENE;06440;365
YVES KLEIN;BD ALEX ROUBERT;LA COLLE-SUR-LOUP;06480;787
LA BOURGADE;17 ALLEE DES LUCIOLES;LA TRINITE;00;518
EMILE ROUX;CHEMIN DES PLAINES;LE CANNET;06110;551
PIERRE BONNARD;AVENUE GEORGES POMPIDOU;LE CANNET;06110;607
LE PRE DES ROURES;7 ROUTE DE NICE;LE ROURET;06650;675
ALBERT CAMUS;AVENUE ROBERT SCHUMAN;MANDELIEU-LA-NAPOULE;06210;668
ANDRE MAUROIS;8 RUE MAGENTA;MENTON;06500;688
GUILLAUME VENTO;400 COURS DU CENTENAIRE;MENTON;06503;702
LA CHENAIE;303 ALLEE DU PARC;MOUANS-SARTOUX;06371;692
LES CAMPELIERES;121 CHEMIN DES CAMPELIERES;MOUGINS;06250;761
ANTOINE RISSO;8 BOULEVARD PIERRE SOLA;NICE;06300;489
FREDERIC MISTRAL;59 AVENUE YVONNE VITTONE;NICE;06200;706
JEAN GIONO;2 RUE HUMBERT RICOLFI;NICE;06300;648
JEAN ROSTAND;98 BOULEVARD DE LA MADELEINE;NICE;06000;443
JULES ROMAINS;206 ROUTE DE GRENOBLE;NICE;06200;433
L'ARCHET;BD IMPERATRICE EUGENIE;NICE;06200;754
MAURICE JAUBERT;COURS ALBERT CAMUS;NICE;06300;643
NUCERA LOUIS;2 PONT RENE COTY;NICE;06300;595
PORT LYMPIA;31 BOULEVARD STALINGRAD;NICE;06300;672
ROLAND GARROS;10 BOULEVARD DE CIMIEZ;NICE;06000;635
SEGURANE;3 RUE SINCAIRE;NICE;06300;541
VERNIER;33 RUE VERNIER;NICE;06000;589
SIMONE VEIL;36 AVENUE DE L ARBRE INFERIEUR;NICE;06000;450
PARC IMPERIAL;2 AVENUE PAUL ARENE;NICE;06050;919
RAOUL DUFY;30 AVENUE RAOUL DUFY;NICE;06203;930
ALPHONSE DAUDET;176 RUE DE FRANCE;NICE;06050;604
HENRI MATISSE;AVENUE REINE VICTORIA;NICE;06050;1047
JEAN-HENRI FABRE;BOULEVARD HENRI SAPPIA;NICE;06102;663
VALERI;128 AVENUE ST-LAMBERT;NICE;06103;771
PAUL ARENE;23 CHEMIN DU STADE;PEYMEINADE;06530;677
LA VESUBIE-JEAN SALINES;8 PROMENADE JEAN LAURENTI;ROQUEBILLIERE;06450;246
CESAR;1600 ROUTE DE VALBONNE;ROQUEFORT-LES-PINS;06330;720
JEAN FRANCO;QUARTIER COUVENT;SAINT-ETIENNE-DE-TINEE;06660;207
LES BAOUS;ROUTE DE GATTIERES;SAINT-JEANNET;06640;792
JOSEPH PAGNOL;1643 ESPLANADE EDMOND JOUHAUD;SAINT-LAURENT-DU-VAR;06700;683
SAINT EXUPERY;116 AVENUE PIERRE AMADIEU;SAINT-LAURENT-DU-VAR;06700;566
LUDOVIC BREA;ROUTE DU COLLEGE;SAINT-MARTIN-DU-VAR;06670;511
SAINT-BLAISE;2 BOULEVARD SAINT BLAISE;SAINT-SAUVEUR-SUR-TINEE;06420;186
JEAN MEDECIN;BOULEVARD JULES FERRY;SOSPEL;06380;163
RENE CASSIN;528 BD LEON SAUVAN;TOURRETTE-LEVENS;06690;736
NIKI DE SAINT PHALLE;;VALBONNE;06905;785
PABLO PICASSO;AVENUE DE L HOPITAL;VALLAURIS;06220;740
LA SINE;214 CHEMIN DE LA SINE;VENCE;06140;829
ROMEE DE VILLENEUVE;ALLEE RENE CASSIN;VILLENEUVE-LOUBET;06270;628
VALLEES DU PAILLON - R. CARLES;AVENUE CELESCHI;CONTES;06392;719
SAINT HILAIRE;26 RUE ANCIEN PALAIS DE JUSTICE;GRASSE;06130;405
CANTEPERDRIX;AV DE LA VICTOIRE DU 8 MAI 1945;GRASSE;06131;674
AUGUSTE BLANQUI;PROMENADE JEAN BAILET;PUGET-THENIERS;06260;246
SIMON WIESENTHAL;CHEMIN DES BLAQUEIRETTES;SAINT-VALLIER-DE-THIEY;06460;418
JEAN-BAPTISTE RUSCA;LE PETIT BOIS;TENDE;06430;76
INTERNATIONAL DE VALBONNE;RUE FREDERIC MISTRAL;VALBONNE;06902;707
SYDNEY BECHET;AVE DES AMPHORES;ANTIBES;06160;354
ARNAUD BELTRAME;212 AVENUE DE CANNES;PEGOMAS;06580;587
LES MIMOSAS;121 AVENUE DU GENERAL GARBAY;MANDELIEU-LA-NAPOULE;06210;646
