﻿Catégorie socioprofessionnelle - 29 postes ;Genre;Commune de résidence;Commune de résidence percentage;Autre commune que la commune de résidence;Autre commune que la commune de résidence percentage;Ensemble
Agriculteurs exploitants;Homme;625;75.3;205;24.7;830
Artisans;Homme;12182;66.39;6166;33.61;18348
Commerçants et assimilés;Homme;7529;66.56;3782;33.44;11311
Chefs d'entreprise de 10 salariés ou plus;Homme;1450;44.23;1828;55.77;3278
Professions libérales;Homme;5326;60.38;3495;39.62;8821
Cadres de la fonction publique;Homme;1543;44.02;1961;55.95;3505
Professeurs, professions scientifiques;Homme;2819;46.48;3245;53.5;6065
Professions de l'information, des arts et des spectacles;Homme;1754;58.78;1230;41.22;2984
Cadres administratifs et commerciaux d'entreprise;Homme;3993;32.79;8185;67.21;12178
Ingénieurs et cadres techniques d'entreprise;Homme;5272;25.37;15509;74.63;20781
Professeurs des écoles, instituteurs et assimilés;Homme;2880;51.34;2730;48.66;5610
Professions intermédiaires de la santé et du travail social;Homme;3209;50.24;3178;49.76;6387
Clergé, religieux;Homme;224;77.24;66;22.76;290
Professions intermédiaires de la fonction publique;Homme;1384;49.68;1402;50.32;2786
Professions intermédiaires administratives et commerciales des entreprises;Homme;6976;41.75;9734;58.25;16710
Techniciens;Homme;4142;33.58;8191;66.42;12333
Contremaîtres, agents de maîtrise;Homme;2488;34.29;4768;65.71;7256
Employés civile et agents de service fonction publique;Homme;4599;54.16;3892;45.83;8492
Policiers et militaires;Homme;3938;44.2;4972;55.8;8910
Employés administratifs d'entreprise;Homme;2938;44.56;3655;55.44;6593
Employés de commerce;Homme;3169;49.95;3174;50.03;6344
Personnels des services directs particuliers;Homme;5148;56.05;4037;43.95;9185
Ouvriers qualifiés de type industriel;Homme;1972;36.62;3413;63.38;5385
Ouvriers qualifiés de type artisanal;Homme;8684;45.26;10504;54.74;19188
Chauffeurs;Homme;3880;41.1;5560;58.9;9440
Ouvriers qualifiés de la manutention, du magasinage et du transport;Homme;1165;38.55;1857;61.45;3022
Ouvriers non qualifiés de type industriel;Homme;3391;43.9;4333;56.1;7724
Ouvriers non qualifiés de type artisanal;Homme;5340;51.22;5085;48.78;10425
Ouvriers agricoles;Homme;284;50.44;279;49.56;563
Ensemble;Homme;108308;46.14;126438;53.86;234745
Agriculteurs exploitants;Femme;396;89.59;46;10.41;442
Artisans;Femme;3612;66.06;1856;33.94;5468
Commerçants et assimilés;Femme;5294;69.89;2281;30.11;7575
Chefs d'entreprise de 10 salariés ou plus;Femme;543;58.26;389;41.74;932
Professions libérales;Femme;4222;58.36;3013;41.64;7235
Cadres de la fonction publique;Femme;1772;46.13;2069;53.87;3841
Professeurs, professions scientifiques;Femme;3837;50.94;3696;49.07;7532
Professions de l'information, des arts et des spectacles;Femme;1448;56.43;1117;43.53;2566
Cadres administratifs et commerciaux d'entreprise;Femme;4123;34.92;7683;65.07;11807
Ingénieurs et cadres techniques d'entreprise;Femme;1866;27.26;4979;72.74;6845
Professeurs des écoles, instituteurs et assimilés;Femme;5839;53.42;5091;46.57;10931
Professions intermédiaires de la santé et du travail social;Femme;10107;48.01;10943;51.99;21050
Clergé, religieux;Femme;37;64.91;20;35.09;57
Professions intermédiaires de la fonction publique;Femme;2654;53.21;2334;46.79;4988
Professions intermédiaires administratives et commerciales des entreprises;Femme;10233;42.75;13704;57.25;23938
Techniciens;Femme;1179;36.24;2074;63.76;3253
Contremaîtres, agents de maîtrise;Femme;564;42.57;762;57.51;1325
Employés civile et agents de service fonction publique;Femme;17600;58.12;12681;41.88;30281
Policiers et militaires;Femme;835;52.88;744;47.12;1579
Employés administratifs d'entreprise;Femme;10350;43.1;13665;56.9;24015
Employés de commerce;Femme;7325;52.22;6702;47.78;14027
Personnels des services directs particuliers;Femme;16026;65.63;8394;34.37;24420
Ouvriers qualifiés de type industriel;Femme;332;38.16;538;61.84;870
Ouvriers qualifiés de type artisanal;Femme;1498;51.57;1407;48.43;2905
Chauffeurs;Femme;296;40.66;432;59.34;728
Ouvriers qualifiés de la manutention, du magasinage et du transport;Femme;150;40.76;218;59.24;368
Ouvriers non qualifiés de type industriel;Femme;893;39.78;1353;60.27;2245
Ouvriers non qualifiés de type artisanal;Femme;2891;59.39;1978;40.63;4868
Ouvriers agricoles;Femme;142;39.12;221;60.88;363
Ensemble;Femme;116064;51.25;110390;48.75;226454
