﻿Âge;Sexe;Commune de résidence;Autre commune que la commune de résidence;Ensemble
15 à 19 ans;Femme;1561;1237;2798
20 à 24 ans;Femme;7003;6690;13693
25 à 39 ans;Femme;34897;36634;71531
40 à 54 ans;Femme;44669;43626;88295
55 à 64 ans;Femme;23974;20154;44128
65 ans ou plus;Femme;3960;2050;6009
Ensemble;Femme;116064;110390;226454
15 à 19 ans;Homme;2270;2113;4383
20 à 24 ans;Homme;7218;7707;14924
25 à 39 ans;Homme;33510;40793;74302
40 à 54 ans;Homme;39976;49733;89709
55 à 64 ans;Homme;20654;23083;43737
65 ans ou plus;Homme;4680;3009;7689
Ensemble;Homme;108308;126438;234745
