﻿Mode de transport;Genre;Commune de résidence;Autre commune que la commune de résidence;Ensemble
Pas de déplacement;Homme;8831;589;9420
Marche à pied (ou rollers, patinette);Homme;14231;2100;16330
Vélo (y compris à assistance électrique);Homme;4279;2533;6812
Deux-roues motorisé;Homme;11153;16148;27301
Voiture, camion ou fourgonnette;Homme;56167;91985;148152
Transports en commun;Homme;13646;13083;26730
Ensemble;Homme;108308;126438;234745
Pas de déplacement;Femme;19592;1122;20714
Marche à pied (ou rollers, patinette);Femme;36307;4679;40986
Vélo (y compris à assistance électrique);Femme;6908;3456;10364
Deux-roues motorisé;Femme;14210;19239;33448
Voiture, camion ou fourgonnette;Femme;108597;178248;286845
Transports en commun;Femme;38757;30083;68841
Ensemble;Femme;224371;236827;461199
