﻿Groupe socioprofessionnel - 6 postes;Genre;Commune de résidence;Commune de résidence percentage;Autre commune que la commune de résidence;Autre commune que la commune de résidence percentage;Ensemble
Agriculteurs exploitants;Homme;625;75.3;205;24.7;830
Artisans, commerçants, chefs d'entreprise;Homme;21161;64.25;11776;35.75;32937
Cadres et professions intellectuelles supérieures;Homme;20709;38.11;33626;61.89;54335
Professions intermédiaires;Homme;21303;41.47;30069;58.53;51372
Employés;Homme;19793;50.08;19730;49.92;39523
Ouvriers;Homme;24717;44.34;31032;55.66;55748
Ensemble;Homme;108308;46.14;126438;53.86;234745
Agriculteurs exploitants;Femme;396;89.59;46;10.41;442
Artisans, commerçants, chefs d'entreprise;Femme;9449;67.61;4526;32.39;13975
Cadres et professions intellectuelles supérieures;Femme;17269;43.36;22557;56.64;39826
Professions intermédiaires;Femme;30613;46.71;34929;53.29;65541
Employés;Femme;52136;55.27;42186;44.73;94322
Ouvriers;Femme;6202;50.23;6146;49.77;12348
Ensemble;Femme;116064;51.25;110390;48.75;226454
