﻿Secteur d'activité chez les femmes;Genre;Commune de résidence;Commune de résidence percentage;Autre commune que la commune de résidence;Autre commune que la commune de résidence percentage;Ensemble
Agriculture, sylviculture et pêche;Homme;847;69.31;375;30.69;1222
Industrie manufacturière, industries extractives et autres;Homme;6319;32.41;13178;67.59;19497
Construction;Homme;14551;49.32;14954;50.68;29506
Commerce, transports et services divers;Homme;64454;45.88;76022;54.12;140476
Administration publique, enseignement, santé humaine et action sociale;Homme;22136;50.26;21909;49.74;44044
Ensemble;Homme;108308;46.14;126438;53.86;234745
Agriculture, sylviculture et pêche;Femme;523;66.37;265;33.63;788
Industrie manufacturière, industries extractives et autres;Femme;4046;36.19;7135;63.81;11181
Construction;Femme;1960;47.55;2162;52.45;4122
Commerce, transports et services divers;Femme;57603;49.79;58081;50.21;115684
Administration publique, enseignement, santé humaine et action sociale;Femme;51932;54.85;42747;45.15;94679
Ensemble;Femme;116064;51.25;110390;48.75;226454
