﻿Condition d'emploi;Genre;Temps complet;Temps partiel;Ensemble
En contrat d'apprentissage;Homme;3275;1803;5078
Placés par une agence d'intérim;Homme;2720;632;3352
Emplois aidés (contrats uniques d'insertion, d'initiative emploi, d'accompagnement dans l'emploi, avenir...);Homme;294;132;426
Stagiaires rémunérés en entreprise;Homme;288;153;441
Autres emplois à durée limitée, CDD (contrats à durée déterminée), contrats courts, saisonniers, vacataires...;Homme;9782;3996;13777
Emplois sans limite de durée, CDI (contrats à durée indéterminée), titulaires de la fonction publique;Homme;139320;8112;147432
Non salariés : Indépendants;Homme;25926;4052;29978
Non salariés : Employeurs;Homme;16706;855;17561
Non salariés : Aides familiaux;Homme;86;64;150
Ensemble;Homme;198396;19800;218196
En contrat d'apprentissage;Femme;2804;1916;4720
Placés par une agence d'intérim;Femme;828;607;1435
Emplois aidés (contrats uniques d'insertion, d'initiative emploi, d'accompagnement dans l'emploi, avenir...);Femme;311;349;660
Stagiaires rémunérés en entreprise;Femme;311;153;464
Autres emplois à durée limitée, CDD (contrats à durée déterminée), contrats courts, saisonniers, vacataires...;Femme;11664;7737;19401
Emplois sans limite de durée, CDI (contrats à durée indéterminée), titulaires de la fonction publique;Femme;130553;29712;160264
Non salariés : Indépendants;Femme;16863;5227;22090
Non salariés : Employeurs;Femme;5592;572;6164
Non salariés : Aides familiaux;Femme;289;171;460
Ensemble;Femme;169214;46443;215658
