family_type,no_child_u25,one_child_u25,two_children_u25,three_children_u25,four_or_more_children_u25,total
Couple sans enfant,133243,0,0,0,0,133243
Couple avec enfant(s),10203,46142,42584,12413,3926,115268
Couples avec uniquement enfant(s) du couple,9254,41856,37921,10120,2840,101990
Couples avec au moins un enfant d'un seul des deux membres du couple,949,4286,4663,2293,1086,13278
Famille monoparentale,13316,27725,13076,3223,925,58265
Famille monoparentale composée d'un homme avec enfant(s),2394,5739,2227,327,56,10744
Famille monoparentale composée d'une femme avec enfant(s),10922,21986,10849,2895,869,47522
Ensemble,156762,73867,55660,15636,4851,306776
