school_name,school_address,postal_code,city
PARC IMPERIAL,2 Avenue Paul Arène,06050,NICE
MASSENA,2 avenue Félix Faure,06047,NICE
ALBERT CALMETTE,5 avenue Maréchal Foch,06046,NICE
ESTIENNE D'ORVES,13 avenue d'Estienne d'Orves,06050,NICE
THIERRY MAULNIER,2 avenue Claude Debussy,06200,NICE
LES EUCALYPTUS,7 Avenue des Eucalyptus,06200,NICE
LES EUCALYPTUS,7 Avenue des Eucalyptus,06200,NICE
REGIONAL HOTELIER JEANNE ET PAUL AUGIER,163 boulevard René Cassin - BP 145,06203,NICE
GUILLAUME APOLLINAIRE,29 boulevard J.Baptiste Vérany,06300,NICE
VAUBAN,17 boulevard Pierre Sola,06300,NICE
PASTEUR,25 rue du Professeur Delvalle,06000,NICE
LES PALMIERS,15 Avenue Banco - BP257,06305,NICE
MAGNAN,34 rue Auguste Renoir,06000,NICE
PIERRE & MARIE CURIE,353 Avenue du Doyen Jean Lépine,06500,MENTON
INDUSTRIEL PIERRE & MARIE CURIE,353 Avenue du Doyen Jean Lépine,06500,MENTON
PAUL VALERY,1 avenue Saint Jacques,06500,MENTON
CARNOT,90 boulevard Carnot - BP 185,06407,CANNES
BRISTOL,10 avenue Saint Nicolas - BP 114,06405,CANNES
JULES FERRY,82 boulevard de la République - BP 265,06402,CANNES
LES COTEAUX,6 Chemin Morgon par Avenue des Coteaux,06400,CANNES
ALFRED HUTINEL,Rue de Cannes,06150,CANNES LA BOCCA
ALEXIS DE TOCQUEVILLE,22 Chemin de l'Orme,06130,GRASSE
AMIRAL DE GRASSE,20 avenue Sainte Lorette,06130,GRASSE
LÉON CHIRIS,51 chemin des Capucins,06130,GRASSE
FRANCIS DE CROISSET,34 Chemin de la Cavalerie,06130,GRASSE
JACQUES AUDIBERTI,Boulevard Wilson,06600,ANTIBES
LEONARD DE VINCI,214 Rue Jean Joannon,06600,ANTIBES
JACQUES DOLLE,120 chemin de Saint Claude,06600,ANTIBES
CAMPUS VERT D'AZUR,1285 Avenue Jules Grec,06600,ANTIBES
AUGUSTE RENOIR,Avenue Marcel Pagnol,06800,CAGNES sur MER
AUGUSTE ESCOFFIER,Chemin du Brecq,06800,CAGNES sur MER
HENRI MATISSE,101 Avenue Maréchal Foch,06140,VENCE
RENE GOSCINNY,500 route DE CROVES,06340,DRAP
SIMONE VEIL,1265 route de Biot Quartier de la Bourrelle,06560,VALBONNE
DE LA MONTAGNE,La Bolline - Quartier du Clôt,06420,VALDEBLORE
LYCEE INTERNATIONAL DE VALBONNE,190 Rue Frédéric Mistral,06560,VALBONNE
VILLENEUVE LOUBET,La Vanade,06161,VILLENEUVE LOUBET
VALLEE DE LA SIAGNE,Mandelieu-la-Napoule,06210,MANDELIEU-LA-NAPOULE
