name,amenity,addr:street,addr:postcode,healthcare,osm_user,osm_timestamp,coordx,coordy,lon,lat
Pharmacie du Docteur Nicolas,pharmacy,Rue de Lépante,06000,pharmacy,PharmaWP,2025-07-12 15:34:57,,,,
Naturopathe,Unknown,Route des Dolines,06560,alternative,al340,2019-09-05 15:56:55,,,,
Masseur-kinésithérapeute D.E.,Unknown,Rue de la République,06500,physiotherapist,efes,2018-06-08 12:32:46,,,,
Clinique Les Hellenides | Inicea,Unknown,Route de Sclos,06390,SSR,votre_solution_de_visibilite_digitale_locale,2025-11-03 14:14:15,,,,
Pharmacie du Jeu de Ballon,pharmacy,Boulevard du Jeu de Ballon,06130,pharmacy,HubMiner,2019-10-03 05:09:24,,,,
Marie Marchisio psychologue,Unknown,Avenue Foch,06140,psychotherapist,bema11,2018-02-17 22:53:15,,,,
Pharmacie du Grand Pré,pharmacy,Avenue Janvier Passero,06210,pharmacy,Maxime LALEU,2020-02-22 14:08:41,,,,
Pharmacie des Constellations,pharmacy,Boulevard Napoléon III,06200,pharmacy,merylstreet,2023-07-18 11:49:23,,,,
Pharmacie des Quatre Chemins,pharmacy,Chemin des Quatre Chemins,06600,pharmacy,Noelind,2023-11-01 06:43:40,,,,
"Réflexologie plantaire, Kata Amma (Nathalie Girodengo)",Unknown,Avenue de la Californie,06200,alternative,GeorgeKaplan,2021-01-10 19:09:00,,,,
Pharmacie du Soleil,pharmacy,Avenue Gazan,06600,pharmacy,déni,2024-09-06 14:40:01,,,,
La Bastide,pharmacy,Avenue du 3 Septembre,06320,pharmacy,rene78,2020-08-04 13:30:45,,,,
Pharmacie des Thermes,pharmacy,Avenue de Cannes,06210,pharmacy,Conlinp,2023-09-26 19:53:39,,,,
Centre d'Imagerie Medicale Carnot - Les Elfes,doctors,Boulevard Carnot,06400,doctor,Dani CS,2020-06-04 17:48:45,,,,
Pharmacie Cap 3000,pharmacy,Avenue Eugène Donadeï,06700,pharmacy,Lulucmy,2025-01-27 09:46:21,,,,
Pharmacie Paul Montel,pharmacy,Boulevard Paul Montel,06200,pharmacy,merylstreet,2023-08-21 08:24:05,,,,
Pharmacie des Écoles,pharmacy,Boulevard de la Madeleine,06000,pharmacy,sykul,2025-04-01 19:32:33,,,,
Geyik Soylu - Psychologue Clinicienne - Psychothérapeute/Art-thérapeute,Unknown,Place du Grand Jardin,06140,psychotherapist,b-jazz-bot,2019-03-23 16:38:30,,,,
Pharmacie de la Grande Corniche,pharmacy,Boulevard Saint-Roch,06300,pharmacy,CgXxX,2025-03-03 19:55:07,,,,
Laurène Aubry - Ostéopathe Valbonne,doctors,Unknown,06560,doctor,b-jazz-bot,2023-11-04 05:47:19,,,,
Pharmacie Mougins-le-Haut,Unknown,Place des Arcades,06250,pharmacy,prouzet,2023-06-22 11:45:39,,,,
Phoenix santé,doctors,Rue Oscar II,06000,doctor,M-a-e-l,2023-09-01 13:32:02,,,,
Dr Virginie Ghiselli,dentist,Avenue Thiers,06130,dentist,fgouget,2020-09-18 22:42:05,,,,
Pharmacie du Palais,pharmacy,Avenue Pierre Semard,06130,pharmacy,khanku,2025-05-26 11:17:08,,,,
Pharmacie de l'Ouest,pharmacy,Avenue Saint-Augustin,06200,pharmacy,Ric76,2024-09-23 12:15:01,,,,
Pharmacie de la Sumerie,pharmacy,Avenue Janvier Passero,06210,pharmacy,Djam,2021-03-27 23:40:43,,,,
Pharmacie La Pignata,pharmacy,Avenue de Fabron,06200,pharmacy,merylstreet,2024-10-17 15:50:57,,,,
Ametra 06,doctors,Avenue de Nice,06800,doctor,fgouget,2020-05-10 18:45:50,,,,
Pharmacie Anglo-Française,pharmacy,Rue d'Antibes,06400,pharmacy,artichaud,2023-08-17 15:35:02,,,,
Pharmacie de Sophia,pharmacy,Route des Dolines,06560,pharmacy,Emanothep,2021-10-12 10:34:02,,,,
Pharmacie des Floralies,pharmacy,Avenue de Cannes,06220,pharmacy,obi76,2021-01-16 13:41:55,,,,
Espace Médical des 4 Chemins,doctors,Chemin des Quatre Chemins,06600,doctor,Noelind,2023-11-08 12:11:58,,,,
Maison du don de Nice,Unknown,Rue Galléan,06000,blood_donation,billybug,2025-05-16 12:08:11,,,,
Radiologie,doctors,Route des Dolines,06560,doctor,Mevess,2025-06-18 07:41:06,,,,
Pharmacie de la voie Romaine,pharmacy,Voie Romaine,06000,pharmacy,merylstreet,2023-07-12 11:37:51,,,,
Cabinet de kinésithérapie et d'ostéopathie,Unknown,Avenue d'Estienne d'Orves,06000,physiotherapist,divulmappeur,2020-08-16 21:31:58,,,,
Cabinet d'infirmerie,Unknown,Avenue d'Estienne d'Orves,06000,nurse,divulmappeur,2020-08-16 21:31:58,,,,
Cabinet d'infirmerie,Unknown,Avenue d'Estienne d'Orves,06000,nurse,divulmappeur,2020-08-16 21:31:58,,,,
Pharmacie Apothical,pharmacy,Boulevard du Mercantour,06200,pharmacy,Bogomil Shopov - Бого,2024-05-29 07:08:47,,,,
Pharmacie Hameaux Du Soleil,pharmacy,Avenue de la Colle,06270,pharmacy,lieutenant X,2025-04-18 05:17:54,,,,
Docteur Serge Nedelec,doctors,Ruelle des Asphodèles,06560,doctor,phd0,2019-06-24 20:13:21,,,,
Eurofins Labazur Nice Sophia,Unknown,Route des Dolines,06560,laboratory,Yunan973,2024-06-30 17:01:39,,,,
Guillaume Busnel,Unknown,Boulevard des 2 Vallons,06220,alternative,gendy54,2019-05-25 20:26:07,,,,
Infirmière Libérale - Isabelle Fleury,doctors,Avenue de Cannes,06220,nurse,zorglubu,2023-03-01 14:47:49,,,,
Loïc Le Gallais,dentist,Boulevard de Cessole,06100,dentist,divulmappeur,2025-09-13 23:24:23,,,,
Psychologue Clinicien Cristofari Joël,doctors,Boulevard Général de Gaulle,06340,doctor,Verdy_p,2020-09-10 05:28:55,,,,
Allan Orthopedie,Unknown,Boulevard François Grosso,06000,physiotherapist,M-a-e-l,2025-10-22 07:12:07,,,,
Cabinet de dentistes,dentist,Unknown,06740,dentist,anothercypres,2021-08-12 12:18:28,,,,
Dr. Merquit,doctors,Rue Édith Duhamel,06230,doctor,wvdp,2023-04-23 08:15:03,,,,
Docteur Anca Debu,doctors,Chemin des 4 Chemins,06600,doctor,Noelind,2023-10-29 21:15:12,,,,
Pole Santé,clinic,Boulevard Pape Jean XXIII,06300,clinic,CgXxX,2025-03-08 21:49:27,,,,
Astrid bezzina,Unknown,Avenue Cyrille Besset,06100,alternative,eddynamite,2023-03-03 16:41:50,,,,
Centre Maternel et Infantile,social_facility,Boulevard Fragonard,06130,yes,manuel-128,2021-03-03 07:54:58,,,,
Pharmacie des Parfums,pharmacy,Chemin du Santon,06130,pharmacy,anothercypres,2021-01-15 14:59:43,,,,
Sérafin,dentist,Boulevard du Maréchal Juin,06800,dentist,Emmiec,2021-02-09 08:51:56,,,,
Centre Paramédical Le Tibère,doctors,Voie Romaine,06000,doctor,fgouget,2020-05-10 18:45:50,,,,
Dr Patricia Taton,doctors,"Place Vignas, Vallis Bona",06560,doctor,Olyon,2025-11-02 19:41:03,,,,
Dr Floriant Busson,doctors,Chemin des Gourettes,06370,doctor,GanKonMalade,2025-07-13 17:11:57,,,,
Cerballiance,Unknown,Rue Acchiardi de Saint-Léger,06300,laboratory,blm07,2025-10-23 19:07:02,,,,
Pharmacie Polygone Riviera,pharmacy,Avenue des Alpes,06800,pharmacy,déni,2024-08-29 21:58:27,,,,
Centre de soins Infirmiers RESODIL,Unknown,Avenue Saint-Sylvestre,06100,nurse,b-jazz-bot,2023-11-24 00:03:17,,,,
DentaNice,dentist,Boulevard Saint-Roch,06300,dentist,CgXxX,2025-03-08 21:49:59,,,,
Laboratoire de la Palestre,Unknown,Avenue Georges Pompidou,06110,laboratory,Dani CS,2022-09-21 08:36:34,,,,
Daubord-Fournier Martine,dentist,Chemin du Plateau Fleury,06330,dentist,uMatt-5,2022-11-13 11:35:07,,,,
Cabinet Infirmier,clinic,Rue Monseigneur Alfred Daumas,06300,clinic,Mevesscarto,2025-04-08 12:00:13,,,,
Centre De Radiologie,Unknown,Rue Acchiardi de Saint-Léger,06300,laboratory,CgXxX,2025-06-22 16:07:57,,,,
Fadila Benguerfi,Unknown,Avenue Jean Médecin,06380,nurse,cartoleo,2024-08-04 14:03:59,,,,
Entendre,Unknown,Avenue Marcellin Maurel,06140,audiologist,Lirum Larum,2023-07-19 16:05:42,,,,
Pharmacie du Grand Jardin,pharmacy,Place du Grand Jardin,06140,pharmacy,ThomR,2023-09-11 08:29:29,,,,
Pharmacie la Vençoise,pharmacy,Avenue Marcellin Maurel,06140,pharmacy,ThomR,2023-09-11 08:29:38,,,,
Joséphine Cure,Unknown,Avenue Jean Médecin,06380,nurse,cartoleo,2024-08-04 14:04:00,,,,
Cabinet d’Ostéopathie Lemarchand-Raess,Unknown,Avenue Félix Faure,06500,alternative,RockR,2024-04-04 09:36:15,,,,
Pharmacie Angely,pharmacy,Rue Jules et Aline Avigdor,06300,pharmacy,merylstreet,2024-12-11 18:18:52,,,,
Unknown,Unknown,Avenue Eugène Donadeï,06700,dentist,Claudio1459bis,2020-04-09 01:22:45,,,,
Unknown,pharmacy,Rue Alain Mimoun,06200,dentist,Claudio1459bis,2020-04-09 01:22:45,,,,
SOS Médecins,clinic,Rue Justin Montolivo,06000,doctor,BHT2,2025-11-02 18:28:00,,,,
Pharmacie des arcades,pharmacy,Place de la République,06340,pharmacy,PurplePurplePurple,2025-01-23 16:31:37,,,,
Centre Médical et Dentaire MGEN de Nice,clinic,Rue Robert Latouche,06200,clinic,PseudonymousFuet,2025-05-03 10:46:43,,,,
Biogroup,Unknown,Boulevard Général Vautrin,06600,laboratory,baptistemm,2022-09-17 14:06:39,,,,
Maison de Santé de la Vallée de l'Estéron,Unknown,Boulevard Georges Salvago,06910,centre,Lulucmy,2025-10-26 19:08:03,,,,
Docteur Léonor Ceretti,dentist,Rue des Palmiers,06130,dentist,GanKonMalade,2025-07-15 20:06:12,,,,
Pharmacie du Mercantour,pharmacy,Rue Docteur Cagnoli,06450,pharmacy,tastrax,2025-09-27 08:29:46,,,,
Pharmacie Grandjean Sauvat,pharmacy,Route de Draguignan,06530,pharmacy,ChrisRochecotte,2025-08-17 16:33:59,,,,
