﻿Groupe socioprofessionnel;Type d'habitation;Moins de 30 m²;De 30 à moins de 40 m²;De 40 à moins de 60 m²;De 60 à moins de 80 m²;De 80 à moins de 100 m²;De 100 à moins de 120 m²;120 m² ou plus;Ensemble
Agriculteurs exploitants;Maison;20;26;61;91;134;160;221;713
Artisans, commerçants, chefs d'entreprise;Maison;45;184;937;1715;2520;2819;5508;13727
Cadres et professions intellectuelles supérieures;Maison;62;221;834;2092;4749;5270;10603;23831
Professions intermédiaires;Maison;134;322;1442;3187;5316;4326;5697;20425
Employés;Maison;225;573;1908;3223;4244;2925;3316;16413
Ouvriers;Maison;180;350;1169;1844;2321;1517;1555;8937
Retraités;Maison;337;1032;3756;7589;11100;10070;15181;49066
Autres personnes sans activité professionnelle;Maison;139;150;419;628;614;473;1066;3488
Ensemble;Maison;1143;2859;10526;20369;30997;27561;43147;136601
Agriculteurs exploitants;Appartement;8;59;48;68;16;9;10;219
Artisans, commerçants, chefs d'entreprise;Appartement;1276;2139;6136;7081;2769;925;637;20963
Cadres et professions intellectuelles supérieures;Appartement;2769;4361;12116;13527;6652;2602;1467;43494
Professions intermédiaires;Appartement;5060;7665;19257;18226;6354;1422;595;58580
Employés;Appartement;8832;10883;24236;22748;6776;1314;470;75258
Ouvriers;Appartement;5281;6297;13460;13934;3915;671;201;43759
Retraités;Appartement;7190;13910;39819;39534;16960;5475;2975;125861
Autres personnes sans activité professionnelle;Appartement;8057;4656;6395;4807;1426;466;223;26029
Ensemble;Appartement;38474;49969;121466;119925;44867;12884;6578;394162
Agriculteurs exploitants;Autre;8;10;2;0;0;0;0;21
Artisans, commerçants, chefs d'entreprise;Autre;77;31;35;12;13;0;7;176
Cadres et professions intellectuelles supérieures;Autre;135;23;27;33;22;5;10;254
Professions intermédiaires;Autre;174;53;48;56;14;5;0;350
Employés;Autre;267;128;126;108;26;9;2;666
Ouvriers;Autre;202;80;66;46;20;5;0;418
Retraités;Autre;608;417;213;158;38;35;25;1493
Autres personnes sans activité professionnelle;Autre;580;76;37;21;7;1;11;734
Ensemble;Autre;2051;818;555;433;140;60;55;4112
