﻿Nombre de pièces;Type d'habitation;1 personne;2 personnes;3 personnes;4 personnes;5 personnes;6 personnes ou plus;Ensemble
1 pièce;Maison;1002;189;29;14;8;0;1243
2 pièces;Maison;4394;2546;567;274;49;8;7837
3 pièces;Maison;9081;10521;4265;2270;423;89;26650
4 pièces;Maison;9124;17475;8044;7560;1336;358;43898
5 pièces;Maison;5501;12575;5580;5579;1650;442;31326
6 pièces ou plus;Maison;3920;10750;4725;4308;1789;886;26376
Ensemble;Maison;33022;54056;23209;20004;5254;1784;137330
1 pièce;Appartement;44914;6158;1071;310;112;30;52595
2 pièces;Appartement;75110;34676;7266;2636;775;240;120702
3 pièces;Appartement;49200;51122;25016;13704;3885;1156;144083
4 pièces;Appartement;13631;18767;10587;10967;4235;1810;59998
5 pièces;Appartement;2612;4077;1910;2017;1107;731;12454
6 pièces ou plus;Appartement;665;1145;432;483;223;146;3094
Ensemble;Appartement;186133;115946;46282;30117;10335;4113;392926
1 pièce;Autre;2015;157;36;11;1;1;2221
2 pièces;Autre;554;182;49;13;5;8;810
3 pièces;Autre;206;208;92;41;25;11;582
4 pièces;Autre;42;71;40;26;17;6;202
5 pièces;Autre;13;23;7;14;6;9;71
6 pièces ou plus;Autre;18;27;6;4;3;0;58
Ensemble;Autre;2848;669;229;109;56;33;3944
