﻿Âge;Genre;Scolarisés dans la commune de résidence;Scolarisés dans une autre commune que celle de résidence;Ensemble des scolarisés
2 ans;Homme;739;95;834
3 ans;Homme;4283;443;4726
4 ans;Homme;4700;545;5245
5 ans;Homme;5145;610;5755
6 à 10 ans;Homme;25775;3651;29426
11 à 14 ans;Homme;18107;6361;24468
15 à 17 ans;Homme;9632;8033;17665
18 à 24 ans;Homme;10901;9404;20305
25 à 29 ans;Homme;1520;1039;2559
30 ans ou plus;Homme;1678;1611;3290
Ensemble;Homme;82481;31791;114272
2 ans;Femme;769;72;841
3 ans;Femme;4216;358;4574
4 ans;Femme;4564;488;5052
5 ans;Femme;4816;504;5319
6 à 10 ans;Femme;24379;3455;27834
11 à 14 ans;Femme;17397;6010;23407
15 à 17 ans;Femme;9812;7275;17086
18 à 24 ans;Femme;13072;10024;23097
25 à 29 ans;Femme;1746;1231;2977
30 ans ou plus;Femme;2380;2545;4926
Ensemble;Femme;83152;31961;115113
