﻿Âge;Genre;Actifs ayant un emploi;Chômeurs;Retraités ou préretraités;Élèves, étudiants, stagiaires non rémunérés;Femmes ou hommes au foyer;Autres inactifs;Ensemble
15 à 19 ans;Homme;4411;1826;0;23829;28;1430;31524
20 à 24 ans;Homme;14556;4133;0;6873;31;2079;27672
25 à 39 ans;Homme;74176;8930;33;1282;220;5403;90045
40 à 54 ans;Homme;89685;7280;350;0;319;6306;103941
55 à 64 ans;Homme;43098;4307;16066;0;234;5462;69168
65 ans ou plus;Homme;7568;302;106410;0;447;2113;116840
Ensemble;Homme;233494;26778;122859;31984;1280;22794;439190
15 à 19 ans;Femme;2855;1198;0;24350;72;1086;29562
20 à 24 ans;Femme;13577;3513;0;8580;567;1424;27661
25 à 39 ans;Femme;71638;11535;61;1483;6575;5259;96552
40 à 54 ans;Femme;87988;9144;393;0;7408;6615;111549
55 à 64 ans;Femme;42996;4817;17059;0;5961;6031;76864
65 ans ou plus;Femme;5784;420;145546;0;6861;2872;161483
Ensemble;Femme;224839;30628;163060;34413;27445;23288;503671
