﻿Âge;Genre;Agriculteurs exploitants;Artisans, commerçants, chefs d'entreprise;Cadres et professions intellectuelles supérieures;Professions intermédiaires;Employés;Ouvriers;Retraités;Autres personnes sans activité professionnelle;Ensemble
15 à 19 ans;Homme;7;106;47;792;1535;2826;0;26121;31434
20 à 24 ans;Homme;5;798;1522;3897;5662;6246;0;9808;27938
25 à 39 ans;Homme;163;8799;17096;18801;15378;21833;39;7479;89588
40 à 54 ans;Homme;327;13928;23436;21029;15321;22292;320;6782;103434
55 à 64 ans;Homme;259;8550;11919;9838;6658;10756;15628;5784;69391
65 ans ou plus;Homme;82;1998;2765;1212;857;1110;106647;2595;117266
Ensemble;Homme;842;34178;56785;55570;45411;65062;122633;58570;439050
15 à 19 ans;Femme;0;21;29;402;2600;318;0;26577;29948
20 à 24 ans;Femme;0;412;1213;4692;9056;985;0;10891;27248
25 à 39 ans;Femme;96;4051;13873;25661;33336;4390;59;14584;96049
40 à 54 ans;Femme;158;5975;17878;27148;40179;5328;326;14607;111598
55 à 64 ans;Femme;147;3217;8018;12467;22220;2716;16562;12190;77538
65 ans ou plus;Femme;51;983;1023;1329;2606;397;145369;9533;161292
Ensemble;Femme;453;14660;42033;71699;109997;14134;162315;88382;503673
