﻿Âge;Genre;Vivant en couple;Ne vivant pas en couple;Ensemble
15 à 19 ans;Homme;351;31173;31524
20 à 24 ans;Homme;3694;23978;27672
25 à 39 ans;Homme;53583;36462;90045
40 à 54 ans;Homme;73358;30583;103941
55 à 64 ans;Homme;47997;21171;69168
65 à 79 ans;Homme;61058;22325;83383
80 ans ou plus;Homme;22166;11291;33457
Ensemble;Homme;262207;176983;439190
15 à 19 ans;Femme;591;28971;29562
20 à 24 ans;Femme;6267;21394;27661
25 à 39 ans;Femme;63574;32978;96552
40 à 54 ans;Femme;73009;38540;111549
55 à 64 ans;Femme;45897;30967;76864
65 à 79 ans;Femme;55837;48092;103929
80 ans ou plus;Femme;15253;42302;57555
Ensemble;Femme;260427;243244;503671
