﻿Catégorie Socioprofessionnelle;Aucun enfant de moins de 25 ans;1 enfant de moins de 25 ans;2 enfants de moins de 25 ans;3 enfants de moins de 25 ans;4 enfants ou plus de moins de 25 ans;Ensemble
Agriculteurs exploitants;456;189;146;20;8;818
Artisans, commerçants, chefs d'entreprise;8857;7388;6158;1898;503;24804
Cadres et professions intellectuelles supérieures;14559;11909;10763;2353;481;40066
Professions intermédiaires;18144;16930;12999;2705;567;51345
Employés;21569;21721;13890;3660;1073;61913
Ouvriers;12562;11075;9082;3509;1370;37598
Retraités;69344;1498;273;134;43;71292
Autres personnes sans activité professionnelle;3537;2775;1535;725;462;9035
Ensemble;149029;73485;54846;15005;4506;296870
