﻿Âge;Genre;Aucun diplôme ou certificat d'études primaires;BEPC, brevet des collèges, DNB;CAP, BEP ou équivalent;Baccalauréat, brevet professionnel ou équivalent;Diplôme de l'enseignement supérieur de niveau bac + 2;Diplôme de l'enseignement supérieur de niveau bac + 3 ou bac + 4;Diplôme de l'enseignement supérieur de niveau bac + 5 ou plus;Ensemble
15 à 19 ans;Homme;1125;822;858;1530;35;45;5;4420
20 à 24 ans;Homme;1816;992;3353;5938;2061;1412;1234;16806
25 à 39 ans;Homme;9483;3715;17935;18254;9784;9034;18009;86213
40 à 54 ans;Homme;14523;4379;25627;17511;12959;10238;17671;102907
55 à 64 ans;Homme;12195;4574;20569;10074;6646;5337;9374;68769
65 ans ou plus;Homme;32280;8304;26635;17057;7042;9498;15440;116256
Ensemble;Homme;71421;22786;94977;70364;38526;35563;61734;395371
15 à 19 ans;Femme;577;537;435;1139;24;16;5;2733
20 à 24 ans;Femme;1225;698;1804;4744;2229;2266;1340;14306
25 à 39 ans;Femme;7636;3224;12103;18804;13584;15247;20903;91501
40 à 54 ans;Femme;12537;4439;19451;21305;17123;17484;17687;110026
55 à 64 ans;Femme;12023;5315;18015;15013;9780;8792;7441;76379
65 ans ou plus;Femme;52658;17365;31114;27136;11288;12740;8342;160641
Ensemble;Femme;86655;31577;82923;88141;54028;56544;55718;455586
