﻿Secteur regroupé;Gender;Salariés;Non salariés;Ensemble
Agriculture, sylviculture et pêche;Homme;495;732;1227
Fabrication de denrées alimentaires, de boissons et de produits à base de tabac;Homme;1913;434;2347
Cokéfaction et raffinage;Homme;26;0;26
Fabrication d'équipements électriques, électroniques, informatiques et fabrication de machines;Homme;2488;78;2565
Fabrication de matériels de transport;Homme;883;56;939
Fabrication d'autres produits industriels;Homme;7591;1573;9164
Industries extractives, énergie, eau, gestion des déchets et dépollution;Homme;3370;129;3499
Construction;Homme;16804;10318;27122
Commerce, réparation d'automobiles et de motocycles;Homme;25271;6613;31884
Transports et entreposage;Homme;12002;2128;14130
Hébergement et restauration;Homme;13455;3105;16560
Information et communication;Homme;11169;1843;13012
Activités financières et d'assurance;Homme;4299;1001;5300
Activités immobilières;Homme;3500;2318;5818
Activités scientifiques et techniques, services administratifs et de soutien;Homme;23062;8685;31747
Administration publique, enseignement, santé humaine et action sociale;Homme;36409;5578;41987
Autres activités de services;Homme;7770;3098;10868
Ensemble;Homme;170507;47689;218196
Agriculture, sylviculture et pêche;Femme;359;440;800
Fabrication de denrées alimentaires, de boissons et de produits à base de tabac;Femme;1848;235;2082
Cokéfaction et raffinage;Femme;0;0;0
Fabrication d'équipements électriques, électroniques, informatiques et fabrication de machines;Femme;953;21;974
Fabrication de matériels de transport;Femme;264;5;269
Fabrication d'autres produits industriels;Femme;5099;943;6043
Industries extractives, énergie, eau, gestion des déchets et dépollution;Femme;1133;32;1164
Construction;Femme;3081;603;3685
Commerce, réparation d'automobiles et de motocycles;Femme;25953;3311;29264
Transports et entreposage;Femme;4596;362;4958
Hébergement et restauration;Femme;11606;1404;13011
Information et communication;Femme;5042;499;5540
Activités financières et d'assurance;Femme;6130;511;6642
Activités immobilières;Femme;4710;1986;6696
Activités scientifiques et techniques, services administratifs et de soutien;Femme;21572;5611;27183
Administration publique, enseignement, santé humaine et action sociale;Femme;83988;8117;92105
Autres activités de services;Femme;10608;4634;15242
Ensemble;Femme;186944;28714;215658
